Designator,Mid X,Mid Y,Rotation,Layer
U$1,137.11551083547906,-105.03599975312743,154.1,top
X1,163.575686,-105.047738,90.0,top
